[
  {
    "framework": "flask",
    "scenario": "ping",
    "runs": 1,
    "req_s": 8117.27,
    "req_s_stdev": 0,
    "p50_ms": 3.98,
    "p50_ms_stdev": 0,
    "p95_ms": 0,
    "p95_ms_stdev": 0,
    "p99_ms": 57.65,
    "p99_ms_stdev": 0,
    "avg_ms": 12.74,
    "avg_ms_stdev": 0,
    "errors": 0,
    "errors_stdev": 0,
    "cpu_pct": 0,
    "mem_mib": 0
  },
  {
    "framework": "flask",
    "scenario": "json",
    "runs": 1,
    "req_s": 6536.64,
    "req_s_stdev": 0,
    "p50_ms": 4.78,
    "p50_ms_stdev": 0,
    "p95_ms": 0,
    "p95_ms_stdev": 0,
    "p99_ms": 58.81,
    "p99_ms_stdev": 0,
    "avg_ms": 13.67,
    "avg_ms_stdev": 0,
    "errors": 0,
    "errors_stdev": 0,
    "cpu_pct": 0,
    "mem_mib": 0
  },
  {
    "framework": "flask",
    "scenario": "db-read",
    "runs": 1,
    "req_s": 2761.98,
    "req_s_stdev": 0,
    "p50_ms": 11.34,
    "p50_ms_stdev": 0,
    "p95_ms": 0,
    "p95_ms_stdev": 0,
    "p99_ms": 65.25,
    "p99_ms_stdev": 0,
    "avg_ms": 21.3,
    "avg_ms_stdev": 0,
    "errors": 0,
    "errors_stdev": 0,
    "cpu_pct": 0,
    "mem_mib": 0
  },
  {
    "framework": "flask",
    "scenario": "db-write",
    "runs": 1,
    "req_s": 2174.2868,
    "req_s_stdev": 0,
    "p50_ms": 11.2,
    "p50_ms_stdev": 0,
    "p95_ms": 66.60000000000001,
    "p95_ms_stdev": 0,
    "p99_ms": 70.9,
    "p99_ms_stdev": 0,
    "avg_ms": 22.8,
    "avg_ms_stdev": 0,
    "errors": 0,
    "errors_stdev": 0,
    "cpu_pct": 0,
    "mem_mib": 0
  },
  {
    "framework": "flask",
    "scenario": "upload",
    "runs": 1,
    "req_s": 84.0827,
    "req_s_stdev": 0,
    "p50_ms": 199.3,
    "p50_ms_stdev": 0,
    "p95_ms": 516.2,
    "p95_ms_stdev": 0,
    "p99_ms": 594.3000000000001,
    "p99_ms_stdev": 0,
    "avg_ms": 231.4,
    "avg_ms_stdev": 0,
    "errors": 0,
    "errors_stdev": 0,
    "cpu_pct": 0,
    "mem_mib": 0
  },
  {
    "framework": "flask",
    "scenario": "stream",
    "runs": 1,
    "req_s": 441.28,
    "req_s_stdev": 0,
    "p50_ms": 33.37,
    "p50_ms_stdev": 0,
    "p95_ms": 0,
    "p95_ms_stdev": 0,
    "p99_ms": 106.27,
    "p99_ms_stdev": 0,
    "avg_ms": 45.16,
    "avg_ms_stdev": 0,
    "errors": 0,
    "errors_stdev": 0,
    "cpu_pct": 0,
    "mem_mib": 0
  },
  {
    "framework": "flask",
    "scenario": "query",
    "runs": 1,
    "req_s": 4102.03,
    "req_s_stdev": 0,
    "p50_ms": 6.96,
    "p50_ms_stdev": 0,
    "p95_ms": 0,
    "p95_ms_stdev": 0,
    "p99_ms": 64.98,
    "p99_ms_stdev": 0,
    "avg_ms": 17.54,
    "avg_ms_stdev": 0,
    "errors": 0,
    "errors_stdev": 0,
    "cpu_pct": 0,
    "mem_mib": 0
  },
  {
    "framework": "flask",
    "scenario": "path",
    "runs": 1,
    "req_s": 5544.71,
    "req_s_stdev": 0,
    "p50_ms": 5.83,
    "p50_ms_stdev": 0,
    "p95_ms": 0,
    "p95_ms_stdev": 0,
    "p99_ms": 61.35,
    "p99_ms_stdev": 0,
    "avg_ms": 15.56,
    "avg_ms_stdev": 0,
    "errors": 0,
    "errors_stdev": 0,
    "cpu_pct": 0,
    "mem_mib": 0
  },
  {
    "framework": "flask",
    "scenario": "html",
    "runs": 1,
    "req_s": 6196.76,
    "req_s_stdev": 0,
    "p50_ms": 4.17,
    "p50_ms_stdev": 0,
    "p95_ms": 0,
    "p95_ms_stdev": 0,
    "p99_ms": 61.36,
    "p99_ms_stdev": 0,
    "avg_ms": 14.77,
    "avg_ms_stdev": 0,
    "errors": 0,
    "errors_stdev": 0,
    "cpu_pct": 0,
    "mem_mib": 0
  },
  {
    "framework": "django",
    "scenario": "ping",
    "runs": 1,
    "req_s": 7635.69,
    "req_s_stdev": 0,
    "p50_ms": 4.16,
    "p50_ms_stdev": 0,
    "p95_ms": 0,
    "p95_ms_stdev": 0,
    "p99_ms": 54.14,
    "p99_ms_stdev": 0,
    "avg_ms": 11.99,
    "avg_ms_stdev": 0,
    "errors": 0,
    "errors_stdev": 0,
    "cpu_pct": 0,
    "mem_mib": 0
  },
  {
    "framework": "django",
    "scenario": "json",
    "runs": 1,
    "req_s": 6003.23,
    "req_s_stdev": 0,
    "p50_ms": 5.53,
    "p50_ms_stdev": 0,
    "p95_ms": 0,
    "p95_ms_stdev": 0,
    "p99_ms": 54.3,
    "p99_ms_stdev": 0,
    "avg_ms": 12.69,
    "avg_ms_stdev": 0,
    "errors": 0,
    "errors_stdev": 0,
    "cpu_pct": 0,
    "mem_mib": 0
  },
  {
    "framework": "django",
    "scenario": "db-read",
    "runs": 1,
    "req_s": 2735.17,
    "req_s_stdev": 0,
    "p50_ms": 11.08,
    "p50_ms_stdev": 0,
    "p95_ms": 0,
    "p95_ms_stdev": 0,
    "p99_ms": 67.69,
    "p99_ms_stdev": 0,
    "avg_ms": 20.79,
    "avg_ms_stdev": 0,
    "errors": 0,
    "errors_stdev": 0,
    "cpu_pct": 0,
    "mem_mib": 0
  },
  {
    "framework": "django",
    "scenario": "db-write",
    "runs": 1,
    "req_s": 2438.1591,
    "req_s_stdev": 0,
    "p50_ms": 13.6,
    "p50_ms_stdev": 0,
    "p95_ms": 52.400000000000006,
    "p95_ms_stdev": 0,
    "p99_ms": 58.9,
    "p99_ms_stdev": 0,
    "avg_ms": 20.400000000000002,
    "avg_ms_stdev": 0,
    "errors": 0,
    "errors_stdev": 0,
    "cpu_pct": 0,
    "mem_mib": 0
  },
  {
    "framework": "django",
    "scenario": "upload",
    "runs": 1,
    "req_s": 161.6137,
    "req_s_stdev": 0,
    "p50_ms": 106.0,
    "p50_ms_stdev": 0,
    "p95_ms": 203.2,
    "p95_ms_stdev": 0,
    "p99_ms": 213.7,
    "p99_ms_stdev": 0,
    "avg_ms": 121.7,
    "avg_ms_stdev": 0,
    "errors": 834,
    "errors_stdev": 0,
    "cpu_pct": 0,
    "mem_mib": 0
  },
  {
    "framework": "django",
    "scenario": "stream",
    "runs": 1,
    "req_s": 487.31,
    "req_s_stdev": 0,
    "p50_ms": 27.42,
    "p50_ms_stdev": 0,
    "p95_ms": 0,
    "p95_ms_stdev": 0,
    "p99_ms": 92.66,
    "p99_ms_stdev": 0,
    "avg_ms": 40.99,
    "avg_ms_stdev": 0,
    "errors": 0,
    "errors_stdev": 0,
    "cpu_pct": 0,
    "mem_mib": 0
  },
  {
    "framework": "fastapi",
    "scenario": "ping",
    "runs": 1,
    "req_s": 26625.72,
    "req_s_stdev": 0,
    "p50_ms": 1.06,
    "p50_ms_stdev": 0,
    "p95_ms": 0,
    "p95_ms_stdev": 0,
    "p99_ms": 47.41,
    "p99_ms_stdev": 0,
    "avg_ms": 8.03,
    "avg_ms_stdev": 0,
    "errors": 0,
    "errors_stdev": 0,
    "cpu_pct": 0,
    "mem_mib": 0
  },
  {
    "framework": "fastapi",
    "scenario": "json",
    "runs": 1,
    "req_s": 17113.75,
    "req_s_stdev": 0,
    "p50_ms": 1.58,
    "p50_ms_stdev": 0,
    "p95_ms": 0,
    "p95_ms_stdev": 0,
    "p99_ms": 49.83,
    "p99_ms_stdev": 0,
    "avg_ms": 9.19,
    "avg_ms_stdev": 0,
    "errors": 0,
    "errors_stdev": 0,
    "cpu_pct": 0,
    "mem_mib": 0
  },
  {
    "framework": "fastapi",
    "scenario": "db-read",
    "runs": 1,
    "req_s": 1941.75,
    "req_s_stdev": 0,
    "p50_ms": 17.7,
    "p50_ms_stdev": 0,
    "p95_ms": 0,
    "p95_ms_stdev": 0,
    "p99_ms": 94.54,
    "p99_ms_stdev": 0,
    "avg_ms": 26.85,
    "avg_ms_stdev": 0,
    "errors": 2330,
    "errors_stdev": 0,
    "cpu_pct": 0,
    "mem_mib": 0
  },
  {
    "framework": "fastapi",
    "scenario": "db-write",
    "runs": 1,
    "req_s": 1586.5603,
    "req_s_stdev": 0,
    "p50_ms": 30.599999999999998,
    "p50_ms_stdev": 0,
    "p95_ms": 82.0,
    "p95_ms_stdev": 0,
    "p99_ms": 137.5,
    "p99_ms_stdev": 0,
    "avg_ms": 38.199999999999996,
    "avg_ms_stdev": 0,
    "errors": 1807,
    "errors_stdev": 0,
    "cpu_pct": 0,
    "mem_mib": 0
  },
  {
    "framework": "fastapi",
    "scenario": "upload",
    "runs": 1,
    "req_s": 257.7315,
    "req_s_stdev": 0,
    "p50_ms": 85.0,
    "p50_ms_stdev": 0,
    "p95_ms": 113.10000000000001,
    "p95_ms_stdev": 0,
    "p99_ms": 275.7,
    "p99_ms_stdev": 0,
    "avg_ms": 77.3,
    "avg_ms_stdev": 0,
    "errors": 0,
    "errors_stdev": 0,
    "cpu_pct": 0,
    "mem_mib": 0
  },
  {
    "framework": "fastapi",
    "scenario": "stream",
    "runs": 1,
    "req_s": 542.41,
    "req_s_stdev": 0,
    "p50_ms": 28.66,
    "p50_ms_stdev": 0,
    "p95_ms": 0,
    "p95_ms_stdev": 0,
    "p99_ms": 101.24,
    "p99_ms_stdev": 0,
    "avg_ms": 37.63,
    "avg_ms_stdev": 0,
    "errors": 0,
    "errors_stdev": 0,
    "cpu_pct": 0,
    "mem_mib": 0
  },
  {
    "framework": "fastapi",
    "scenario": "query",
    "runs": 1,
    "req_s": 10591.04,
    "req_s_stdev": 0,
    "p50_ms": 2.59,
    "p50_ms_stdev": 0,
    "p95_ms": 0,
    "p95_ms_stdev": 0,
    "p99_ms": 54.65,
    "p99_ms_stdev": 0,
    "avg_ms": 11.6,
    "avg_ms_stdev": 0,
    "errors": 0,
    "errors_stdev": 0,
    "cpu_pct": 0,
    "mem_mib": 0
  },
  {
    "framework": "fastapi",
    "scenario": "path",
    "runs": 1,
    "req_s": 16148.6,
    "req_s_stdev": 0,
    "p50_ms": 1.68,
    "p50_ms_stdev": 0,
    "p95_ms": 0,
    "p95_ms_stdev": 0,
    "p99_ms": 53.35,
    "p99_ms_stdev": 0,
    "avg_ms": 10.42,
    "avg_ms_stdev": 0,
    "errors": 0,
    "errors_stdev": 0,
    "cpu_pct": 0,
    "mem_mib": 0
  },
  {
    "framework": "fastapi",
    "scenario": "html",
    "runs": 1,
    "req_s": 23894.23,
    "req_s_stdev": 0,
    "p50_ms": 1.16,
    "p50_ms_stdev": 0,
    "p95_ms": 0,
    "p95_ms_stdev": 0,
    "p99_ms": 51.95,
    "p99_ms_stdev": 0,
    "avg_ms": 9.59,
    "avg_ms_stdev": 0,
    "errors": 0,
    "errors_stdev": 0,
    "cpu_pct": 0,
    "mem_mib": 0
  },
  {
    "framework": "aquilia",
    "scenario": "ping",
    "runs": 1,
    "req_s": 11227.87,
    "req_s_stdev": 0,
    "p50_ms": 2.35,
    "p50_ms_stdev": 0,
    "p95_ms": 0,
    "p95_ms_stdev": 0,
    "p99_ms": 53.25,
    "p99_ms_stdev": 0,
    "avg_ms": 11.15,
    "avg_ms_stdev": 0,
    "errors": 0,
    "errors_stdev": 0,
    "cpu_pct": 0,
    "mem_mib": 0
  },
  {
    "framework": "aquilia",
    "scenario": "json",
    "runs": 1,
    "req_s": 6809.68,
    "req_s_stdev": 0,
    "p50_ms": 4.52,
    "p50_ms_stdev": 0,
    "p95_ms": 0,
    "p95_ms_stdev": 0,
    "p99_ms": 56.09,
    "p99_ms_stdev": 0,
    "avg_ms": 12.87,
    "avg_ms_stdev": 0,
    "errors": 0,
    "errors_stdev": 0,
    "cpu_pct": 0,
    "mem_mib": 0
  },
  {
    "framework": "aquilia",
    "scenario": "query",
    "runs": 1,
    "req_s": 6604.11,
    "req_s_stdev": 0,
    "p50_ms": 4.36,
    "p50_ms_stdev": 0,
    "p95_ms": 0,
    "p95_ms_stdev": 0,
    "p99_ms": 57.72,
    "p99_ms_stdev": 0,
    "avg_ms": 13.46,
    "avg_ms_stdev": 0,
    "errors": 0,
    "errors_stdev": 0,
    "cpu_pct": 0,
    "mem_mib": 0
  },
  {
    "framework": "aquilia",
    "scenario": "path",
    "runs": 1,
    "req_s": 11698.29,
    "req_s_stdev": 0,
    "p50_ms": 2.3,
    "p50_ms_stdev": 0,
    "p95_ms": 0,
    "p95_ms_stdev": 0,
    "p99_ms": 55.24,
    "p99_ms_stdev": 0,
    "avg_ms": 11.27,
    "avg_ms_stdev": 0,
    "errors": 0,
    "errors_stdev": 0,
    "cpu_pct": 0,
    "mem_mib": 0
  },
  {
    "framework": "aquilia",
    "scenario": "html",
    "runs": 1,
    "req_s": 11270.23,
    "req_s_stdev": 0,
    "p50_ms": 2.52,
    "p50_ms_stdev": 0,
    "p95_ms": 0,
    "p95_ms_stdev": 0,
    "p99_ms": 54.79,
    "p99_ms_stdev": 0,
    "avg_ms": 11.38,
    "avg_ms_stdev": 0,
    "errors": 0,
    "errors_stdev": 0,
    "cpu_pct": 0,
    "mem_mib": 0
  },
  {
    "framework": "sanic",
    "scenario": "ping",
    "runs": 1,
    "req_s": 38754.77,
    "req_s_stdev": 0,
    "p50_ms": 0.656,
    "p50_ms_stdev": 0,
    "p95_ms": 0,
    "p95_ms_stdev": 0,
    "p99_ms": 50.03,
    "p99_ms_stdev": 0,
    "avg_ms": 8.87,
    "avg_ms_stdev": 0,
    "errors": 0,
    "errors_stdev": 0,
    "cpu_pct": 0,
    "mem_mib": 0
  },
  {
    "framework": "sanic",
    "scenario": "json",
    "runs": 1,
    "req_s": 20623.21,
    "req_s_stdev": 0,
    "p50_ms": 1.41,
    "p50_ms_stdev": 0,
    "p95_ms": 0,
    "p95_ms_stdev": 0,
    "p99_ms": 48.76,
    "p99_ms_stdev": 0,
    "avg_ms": 7.28,
    "avg_ms_stdev": 0,
    "errors": 0,
    "errors_stdev": 0,
    "cpu_pct": 0,
    "mem_mib": 0
  },
  {
    "framework": "sanic",
    "scenario": "upload",
    "runs": 1,
    "req_s": 223.0863,
    "req_s_stdev": 0,
    "p50_ms": 90.1,
    "p50_ms_stdev": 0,
    "p95_ms": 168.2,
    "p95_ms_stdev": 0,
    "p99_ms": 223.0,
    "p99_ms_stdev": 0,
    "avg_ms": 88.6,
    "avg_ms_stdev": 0,
    "errors": 0,
    "errors_stdev": 0,
    "cpu_pct": 0,
    "mem_mib": 0
  },
  {
    "framework": "sanic",
    "scenario": "stream",
    "runs": 1,
    "req_s": 597.19,
    "req_s_stdev": 0,
    "p50_ms": 24.56,
    "p50_ms_stdev": 0,
    "p95_ms": 0,
    "p95_ms_stdev": 0,
    "p99_ms": 90.7,
    "p99_ms_stdev": 0,
    "avg_ms": 34.33,
    "avg_ms_stdev": 0,
    "errors": 0,
    "errors_stdev": 0,
    "cpu_pct": 0,
    "mem_mib": 0
  },
  {
    "framework": "sanic",
    "scenario": "query",
    "runs": 1,
    "req_s": 20358.07,
    "req_s_stdev": 0,
    "p50_ms": 1.45,
    "p50_ms_stdev": 0,
    "p95_ms": 0,
    "p95_ms_stdev": 0,
    "p99_ms": 51.18,
    "p99_ms_stdev": 0,
    "avg_ms": 9.15,
    "avg_ms_stdev": 0,
    "errors": 0,
    "errors_stdev": 0,
    "cpu_pct": 0,
    "mem_mib": 0
  },
  {
    "framework": "sanic",
    "scenario": "path",
    "runs": 1,
    "req_s": 37655.75,
    "req_s_stdev": 0,
    "p50_ms": 0.68,
    "p50_ms_stdev": 0,
    "p95_ms": 0,
    "p95_ms_stdev": 0,
    "p99_ms": 51.11,
    "p99_ms_stdev": 0,
    "avg_ms": 9.09,
    "avg_ms_stdev": 0,
    "errors": 0,
    "errors_stdev": 0,
    "cpu_pct": 0,
    "mem_mib": 0
  },
  {
    "framework": "sanic",
    "scenario": "html",
    "runs": 1,
    "req_s": 39156.2,
    "req_s_stdev": 0,
    "p50_ms": 0.683,
    "p50_ms_stdev": 0,
    "p95_ms": 0,
    "p95_ms_stdev": 0,
    "p99_ms": 50.86,
    "p99_ms_stdev": 0,
    "avg_ms": 9.04,
    "avg_ms_stdev": 0,
    "errors": 0,
    "errors_stdev": 0,
    "cpu_pct": 0,
    "mem_mib": 0
  },
  {
    "framework": "tornado",
    "scenario": "ping",
    "runs": 1,
    "req_s": 13083.59,
    "req_s_stdev": 0,
    "p50_ms": 3.53,
    "p50_ms_stdev": 0,
    "p95_ms": 0,
    "p95_ms_stdev": 0,
    "p99_ms": 5.93,
    "p99_ms_stdev": 0,
    "avg_ms": 3.67,
    "avg_ms_stdev": 0,
    "errors": 0,
    "errors_stdev": 0,
    "cpu_pct": 0,
    "mem_mib": 0
  },
  {
    "framework": "tornado",
    "scenario": "json",
    "runs": 1,
    "req_s": 8734.77,
    "req_s_stdev": 0,
    "p50_ms": 5.16,
    "p50_ms_stdev": 0,
    "p95_ms": 0,
    "p95_ms_stdev": 0,
    "p99_ms": 39.98,
    "p99_ms_stdev": 0,
    "avg_ms": 6.14,
    "avg_ms_stdev": 0,
    "errors": 0,
    "errors_stdev": 0,
    "cpu_pct": 0,
    "mem_mib": 0
  },
  {
    "framework": "tornado",
    "scenario": "upload",
    "runs": 1,
    "req_s": 186.6449,
    "req_s_stdev": 0,
    "p50_ms": 105.2,
    "p50_ms_stdev": 0,
    "p95_ms": 117.3,
    "p95_ms_stdev": 0,
    "p99_ms": 131.5,
    "p99_ms_stdev": 0,
    "avg_ms": 106.30000000000001,
    "avg_ms_stdev": 0,
    "errors": 0,
    "errors_stdev": 0,
    "cpu_pct": 0,
    "mem_mib": 0
  },
  {
    "framework": "tornado",
    "scenario": "stream",
    "runs": 1,
    "req_s": 281.7,
    "req_s_stdev": 0,
    "p50_ms": 67.62,
    "p50_ms_stdev": 0,
    "p95_ms": 0,
    "p95_ms_stdev": 0,
    "p99_ms": 180.81,
    "p99_ms_stdev": 0,
    "avg_ms": 71.5,
    "avg_ms_stdev": 0,
    "errors": 0,
    "errors_stdev": 0,
    "cpu_pct": 0,
    "mem_mib": 0
  },
  {
    "framework": "tornado",
    "scenario": "query",
    "runs": 1,
    "req_s": 7207.68,
    "req_s_stdev": 0,
    "p50_ms": 6.87,
    "p50_ms_stdev": 0,
    "p95_ms": 0,
    "p95_ms_stdev": 0,
    "p99_ms": 10.62,
    "p99_ms_stdev": 0,
    "avg_ms": 6.67,
    "avg_ms_stdev": 0,
    "errors": 0,
    "errors_stdev": 0,
    "cpu_pct": 0,
    "mem_mib": 0
  },
  {
    "framework": "tornado",
    "scenario": "path",
    "runs": 1,
    "req_s": 13942.69,
    "req_s_stdev": 0,
    "p50_ms": 3.3,
    "p50_ms_stdev": 0,
    "p95_ms": 0,
    "p95_ms_stdev": 0,
    "p99_ms": 6.96,
    "p99_ms_stdev": 0,
    "avg_ms": 3.47,
    "avg_ms_stdev": 0,
    "errors": 0,
    "errors_stdev": 0,
    "cpu_pct": 0,
    "mem_mib": 0
  },
  {
    "framework": "tornado",
    "scenario": "html",
    "runs": 1,
    "req_s": 14822.63,
    "req_s_stdev": 0,
    "p50_ms": 3.16,
    "p50_ms_stdev": 0,
    "p95_ms": 0,
    "p95_ms_stdev": 0,
    "p99_ms": 5.36,
    "p99_ms_stdev": 0,
    "avg_ms": 3.25,
    "avg_ms_stdev": 0,
    "errors": 0,
    "errors_stdev": 0,
    "cpu_pct": 0,
    "mem_mib": 0
  }
]