[
  {
    "framework": "flask",
    "scenario": "ping",
    "runs": 1,
    "req_s": 6700.73,
    "req_s_stdev": 0,
    "p50_ms": 5.29,
    "p50_ms_stdev": 0,
    "p95_ms": 0,
    "p95_ms_stdev": 0,
    "p99_ms": 63.16,
    "p99_ms_stdev": 0,
    "avg_ms": 15.0,
    "avg_ms_stdev": 0,
    "errors": 0,
    "errors_stdev": 0,
    "cpu_pct": 0,
    "mem_mib": 0
  },
  {
    "framework": "django",
    "scenario": "ping",
    "runs": 1,
    "req_s": 6304.03,
    "req_s_stdev": 0,
    "p50_ms": 4.45,
    "p50_ms_stdev": 0,
    "p95_ms": 0,
    "p95_ms_stdev": 0,
    "p99_ms": 62.17,
    "p99_ms_stdev": 0,
    "avg_ms": 15.15,
    "avg_ms_stdev": 0,
    "errors": 0,
    "errors_stdev": 0,
    "cpu_pct": 0,
    "mem_mib": 0
  },
  {
    "framework": "fastapi",
    "scenario": "ping",
    "runs": 1,
    "req_s": 34193.51,
    "req_s_stdev": 0,
    "p50_ms": 0.779,
    "p50_ms_stdev": 0,
    "p95_ms": 0,
    "p95_ms_stdev": 0,
    "p99_ms": 51.13,
    "p99_ms_stdev": 0,
    "avg_ms": 9.19,
    "avg_ms_stdev": 0,
    "errors": 0,
    "errors_stdev": 0,
    "cpu_pct": 0,
    "mem_mib": 0
  },
  {
    "framework": "aquilia",
    "scenario": "ping",
    "runs": 1,
    "req_s": 13798.06,
    "req_s_stdev": 0,
    "p50_ms": 1.96,
    "p50_ms_stdev": 0,
    "p95_ms": 0,
    "p95_ms_stdev": 0,
    "p99_ms": 53.27,
    "p99_ms_stdev": 0,
    "avg_ms": 10.79,
    "avg_ms_stdev": 0,
    "errors": 0,
    "errors_stdev": 0,
    "cpu_pct": 0,
    "mem_mib": 0
  },
  {
    "framework": "sanic",
    "scenario": "ping",
    "runs": 1,
    "req_s": 40594.06,
    "req_s_stdev": 0,
    "p50_ms": 0.633,
    "p50_ms_stdev": 0,
    "p95_ms": 0,
    "p95_ms_stdev": 0,
    "p99_ms": 50.77,
    "p99_ms_stdev": 0,
    "avg_ms": 9.01,
    "avg_ms_stdev": 0,
    "errors": 0,
    "errors_stdev": 0,
    "cpu_pct": 0,
    "mem_mib": 0
  }
]